"id","duration","selected","order","prolificId","studyId","sessionId"
"7","6744","dogD.jpg","{""dogD.jpg"",""dogC.jpg"",""dogB.jpg"",""dogA.jpg""}","69641bb5dc3d0e590f30424d","699dbe8a0fcd929abffcc240","699dbeb70be996926f32cab7"
"8","7759","dogD.jpg","{""dogD.jpg"",""dogC.jpg"",""dogA.jpg"",""dogB.jpg""}","69694b768ee3e560544826a7","699dbe8a0fcd929abffcc240","699dbebcfa57465eb24c82f1"
"9","9772","dogD.jpg","{""dogC.jpg"",""dogA.jpg"",""dogB.jpg"",""dogD.jpg""}","6984da6cb846c1e93f39bb52","699dbe8a0fcd929abffcc240","699dbec05237b1facecbbe60"
"10","11897","dogD.jpg","{""dogC.jpg"",""dogD.jpg"",""dogA.jpg"",""dogB.jpg""}","698d55f5354ebe57e10e0f13","699dbe8a0fcd929abffcc240","699dbec1da1fbf2c23afd5cf"
"11","8753","dogD.jpg","{""dogA.jpg"",""dogD.jpg"",""dogB.jpg"",""dogC.jpg""}","58a5cf959e040a0001399f07","699dbe8a0fcd929abffcc240","699dbecb9ea143f827eb2ef8"
"12","15985","dogD.jpg","{""dogB.jpg"",""dogC.jpg"",""dogA.jpg"",""dogD.jpg""}","695f9d1a869eae29cfca2030","699dbe8a0fcd929abffcc240","699dbecc4c77556145b1dfb0"
"13","21463","dogD.jpg","{""dogC.jpg"",""dogD.jpg"",""dogB.jpg"",""dogA.jpg""}","6629497a938b0963356f7002","699dbe8a0fcd929abffcc240","699dbec78503a628d8086716"
"14","25889","dogD.jpg","{""dogB.jpg"",""dogD.jpg"",""dogC.jpg"",""dogA.jpg""}","6737d8ebf11f10c6dab07aab","699dbe8a0fcd929abffcc240","699dbeba8b3da09046a367cd"
"15","8447","dogD.jpg","{""dogA.jpg"",""dogD.jpg"",""dogB.jpg"",""dogC.jpg""}","645005f03fb72ab1bb1a88b1","699dbe8a0fcd929abffcc240","699dbed553dface227021dc2"
"16","13675","dogD.jpg","{""dogA.jpg"",""dogB.jpg"",""dogD.jpg"",""dogC.jpg""}","66045663fbc92e11eb7e557c","699dbe8a0fcd929abffcc240","699dbed6360da35d9f3a3376"
"17","26085","dogD.jpg","{""dogD.jpg"",""dogC.jpg"",""dogA.jpg"",""dogB.jpg""}","5ea7b13e8ac6491a2050e619","699dbe8a0fcd929abffcc240","699dbec719f874e6eb494688"
"18","14091","dogD.jpg","{""dogC.jpg"",""dogA.jpg"",""dogD.jpg"",""dogB.jpg""}","6941786f9acdcc0131d758a9","699dbe8a0fcd929abffcc240","699dbed2e56050e965c8a29e"
"19","22466","dogD.jpg","{""dogD.jpg"",""dogB.jpg"",""dogA.jpg"",""dogC.jpg""}","6968cedf5fa6422047e51499","699dbe8a0fcd929abffcc240","699dbebc04c829d4c649469a"
"20","69037","dogD.jpg","{""dogA.jpg"",""dogC.jpg"",""dogB.jpg"",""dogD.jpg""}","6999c4e4418779b6b1526adc","699dbe8a0fcd929abffcc240","699dbeaf21144e75884c212c"
"21","10361","dogD.jpg","{""dogB.jpg"",""dogC.jpg"",""dogD.jpg"",""dogA.jpg""}","695fe74c64008cd1562be302","699dbe8a0fcd929abffcc240","699dbeee0cba4ab7e3064004"
"22","3347","dogC.jpg","{""dogC.jpg"",""dogA.jpg"",""dogB.jpg"",""dogD.jpg""}","62694f79608ed29b7af936b1","699dbe8a0fcd929abffcc240","699dbefc37b1683925c90e5b"
"23","29139","dogD.jpg","{""dogB.jpg"",""dogC.jpg"",""dogA.jpg"",""dogD.jpg""}","5f1f2c053dd3620d41353827","699dbe8a0fcd929abffcc240","699dbedf4c77556145b1dfb7"
"24","19545","dogD.jpg","{""dogD.jpg"",""dogA.jpg"",""dogC.jpg"",""dogB.jpg""}","673e1d918ac5785d45c4094d","699dbe8a0fcd929abffcc240","699dbef29908deb7ad3b437f"
"25","7494","dogD.jpg","{""dogA.jpg"",""dogB.jpg"",""dogC.jpg"",""dogD.jpg""}","651ad73348b31176fb1ca0a6","699dbe8a0fcd929abffcc240","699dbf1cb744ce0e03101cce"
"26","18365","dogD.jpg","{""dogA.jpg"",""dogB.jpg"",""dogD.jpg"",""dogC.jpg""}","5ede3d2ef7c9f9068776c4d2","699dbe8a0fcd929abffcc240","699dbf10df73fc31bc6abcba"
"27","11741","dogD.jpg","{""dogA.jpg"",""dogB.jpg"",""dogD.jpg"",""dogC.jpg""}","69440e6b6f4b57c3b5627972","699dbe8a0fcd929abffcc240","699dbf0e0fcd929abffcc252"
"28","63639","dogD.jpg","{""dogC.jpg"",""dogB.jpg"",""dogA.jpg"",""dogD.jpg""}","5deaac8dff7f711d9032fa94","699dbe8a0fcd929abffcc240","699dbed5af5d0bb9727b87d5"
"29","13647","dogD.jpg","{""dogB.jpg"",""dogC.jpg"",""dogA.jpg"",""dogD.jpg""}","65ccea640d0ee1eb5df528ad","699dbe8a0fcd929abffcc240","699dbebdbdf3db91bb141e0e"
"30","10835","dogD.jpg","{""dogB.jpg"",""dogA.jpg"",""dogD.jpg"",""dogC.jpg""}","5e28556d0a328c022e11f058","699dbe8a0fcd929abffcc240","699dbf384dbd93c8a3c39ac7"
"31","7445","dogD.jpg","{""dogD.jpg"",""dogB.jpg"",""dogC.jpg"",""dogA.jpg""}","698f8939f5744af4238105c2","699dbe8a0fcd929abffcc240","699dbf44575497cf9067d145"
"32","11353","dogB.jpg","{""dogA.jpg"",""dogB.jpg"",""dogD.jpg"",""dogC.jpg""}","60ad44ffc9a8db5f4f14352b","699dbe8a0fcd929abffcc240","699dbf3f379634a687b6f363"
"33","10014","dogD.jpg","{""dogC.jpg"",""dogB.jpg"",""dogA.jpg"",""dogD.jpg""}","695bf9a68d2cf17844af0251","699dbe8a0fcd929abffcc240","699dbf400417b4bf0cd066b1"
"34","9628","dogD.jpg","{""dogB.jpg"",""dogC.jpg"",""dogA.jpg"",""dogD.jpg""}","65ca8b87ebd847a5d4ac354e","699dbe8a0fcd929abffcc240","699dbf42d4af5736873f6fdd"
"35","16218","dogD.jpg","{""dogC.jpg"",""dogA.jpg"",""dogB.jpg"",""dogD.jpg""}","5af5bcf9b4dfd600018fc68e","699dbe8a0fcd929abffcc240","699dbf43fa57465eb24c8329"
"36","7760","dogD.jpg","{""dogD.jpg"",""dogB.jpg"",""dogC.jpg"",""dogA.jpg""}","5a454e5f56ec1100014a2d8f","699dbe8a0fcd929abffcc240","699dbf5be9b1884984c289c8"
"37","16114","dogD.jpg","{""dogD.jpg"",""dogA.jpg"",""dogB.jpg"",""dogC.jpg""}","6369700320bc7dd22e733009","699dbe8a0fcd929abffcc240","699dbf5aaeaf1938f756dbc1"
"38","25036","dogD.jpg","{""dogA.jpg"",""dogD.jpg"",""dogC.jpg"",""dogB.jpg""}","63457ca6ea7e55d2491ec3fc","699dbe8a0fcd929abffcc240","699dbf5c84e01285d3df11b9"
"39","25178","dogB.jpg","{""dogA.jpg"",""dogD.jpg"",""dogB.jpg"",""dogC.jpg""}","69418da4661dc6936bf50baf","699dbe8a0fcd929abffcc240","699dbf544ab9eafd213faa1c"
"40","12025","dogD.jpg","{""dogD.jpg"",""dogC.jpg"",""dogA.jpg"",""dogB.jpg""}","662c299e6db88649ff13ccae","699dbe8a0fcd929abffcc240","699dbf7e2623daa5b3209e9d"
"41","18768","dogD.jpg","{""dogD.jpg"",""dogC.jpg"",""dogB.jpg"",""dogA.jpg""}","675f7ec3c5f6f26462a81dba","699dbe8a0fcd929abffcc240","699dbf6c13835dffd62ae0c1"
"42","8727","dogD.jpg","{""dogA.jpg"",""dogC.jpg"",""dogB.jpg"",""dogD.jpg""}","62961bfdbe5f238d3225db72","699dbe8a0fcd929abffcc240","699dbf6e919297bedc3d515e"
"43","15580","dogD.jpg","{""dogC.jpg"",""dogB.jpg"",""dogA.jpg"",""dogD.jpg""}","5ad6b454a9ea0500019a087a","699dbe8a0fcd929abffcc240","699dbf6324b19be2d20ae825"
"44","45267","dogD.jpg","{""dogB.jpg"",""dogA.jpg"",""dogD.jpg"",""dogC.jpg""}","651090beae417ded35c4ef2f","699dbe8a0fcd929abffcc240","699dbfa0b753686df439f190"
"45","7232","dogD.jpg","{""dogD.jpg"",""dogA.jpg"",""dogC.jpg"",""dogB.jpg""}","69889b9e493adc019bfef921","699dbe8a0fcd929abffcc240","699dbfcfbaf12230504447d3"
"46","14711","dogD.jpg","{""dogD.jpg"",""dogA.jpg"",""dogC.jpg"",""dogB.jpg""}","677968daf8dc4ddeecc53a73","699dbe8a0fcd929abffcc240","699dbfcd3e400676d1b3fc47"
"47","25582","dogD.jpg","{""dogB.jpg"",""dogD.jpg"",""dogA.jpg"",""dogC.jpg""}","5b98a24fb38cca0001437082","699dbe8a0fcd929abffcc240","699dbfc6a860498480fcc22e"
"48","10681","dogD.jpg","{""dogD.jpg"",""dogB.jpg"",""dogC.jpg"",""dogA.jpg""}","55d0945934e9060005e57258","699dbe8a0fcd929abffcc240","699dbfdda48866ca9fb5b9e6"
"49","134837","dogD.jpg","{""dogC.jpg"",""dogB.jpg"",""dogA.jpg"",""dogD.jpg""}","698b5a4b6bf6a0eee98c0c53","699dbe8a0fcd929abffcc240","699dbf24505bb6c64777a3cb"
"50","7434","dogD.jpg","{""dogD.jpg"",""dogA.jpg"",""dogB.jpg"",""dogC.jpg""}","5f04b7a99b50ac10df3a9eac","699dbe8a0fcd929abffcc240","699dc000cf4dda9e600e8985"
"51","7068","dogD.jpg","{""dogD.jpg"",""dogB.jpg"",""dogA.jpg"",""dogC.jpg""}","5e7a2ccd69a7770604dfb352","699dbe8a0fcd929abffcc240","699dc033e104ebffacf75d36"
"52","6386","dogD.jpg","{""dogC.jpg"",""dogD.jpg"",""dogA.jpg"",""dogB.jpg""}","674defe885ddf3124d3846e9","699dbe8a0fcd929abffcc240","699dc033716e324784dcf29b"
"53","36039","dogD.jpg","{""dogB.jpg"",""dogD.jpg"",""dogC.jpg"",""dogA.jpg""}","666ca8f24bc3a8e75b8f6ee2","699dbe8a0fcd929abffcc240","699dbff82d1ff07543c6fec6"
"54","13290","dogD.jpg","{""dogD.jpg"",""dogA.jpg"",""dogB.jpg"",""dogC.jpg""}","63851a60c17919eed0c53dfa","699dbe8a0fcd929abffcc240","699dc05dc61c31bd9fcbe0f7"
"55","11093","dogD.jpg","{""dogD.jpg"",""dogC.jpg"",""dogB.jpg"",""dogA.jpg""}","6685cec5c360283099e5bb29","699dbe8a0fcd929abffcc240","699dc06f6cb14c31a518a98d"
"56","30518","dogD.jpg","{""dogD.jpg"",""dogC.jpg"",""dogB.jpg"",""dogA.jpg""}","6985f57f216c610e194842ac","699dbe8a0fcd929abffcc240","699dc05d4bd9d04f5ebca546"
"57","6763","dogD.jpg","{""dogC.jpg"",""dogB.jpg"",""dogA.jpg"",""dogD.jpg""}","6352c60b4a9850783773f265","699dbe8a0fcd929abffcc240","699dc062e353f670ed81c25c"
"58","13846","dogD.jpg","{""dogA.jpg"",""dogC.jpg"",""dogB.jpg"",""dogD.jpg""}","60fb26e75427cb8125f2e4a4","699dbe8a0fcd929abffcc240","699dc04d299f5318661684e3"
"59","17509","dogD.jpg","{""dogA.jpg"",""dogD.jpg"",""dogB.jpg"",""dogC.jpg""}","695bbab30532e5f0229fd08a","699dbe8a0fcd929abffcc240","699dc05a176a9d3dfe8628af"
"60","37952","dogD.jpg","{""dogC.jpg"",""dogD.jpg"",""dogA.jpg"",""dogB.jpg""}","688bf0636f0a72507afdadaa","699dbe8a0fcd929abffcc240","699dc05b25c2357b1367d149"
"61","11248","dogD.jpg","{""dogA.jpg"",""dogC.jpg"",""dogD.jpg"",""dogB.jpg""}","616c1cc2510fe9022f6577f8","699dbe8a0fcd929abffcc240","699dc0d4a07fc9cf99e9146d"
"62","7458","dogD.jpg","{""dogC.jpg"",""dogD.jpg"",""dogA.jpg"",""dogB.jpg""}","612954380888e9ddd6ff0c6e","699dbe8a0fcd929abffcc240","699dc0d7dc729c0c3458844d"
"63","20582","dogD.jpg","{""dogD.jpg"",""dogA.jpg"",""dogB.jpg"",""dogC.jpg""}","67078f27e3d1369ea3fce018","699dbe8a0fcd929abffcc240","699dc0be86d55c353211f305"
"64","12804","dogD.jpg","{""dogB.jpg"",""dogC.jpg"",""dogA.jpg"",""dogD.jpg""}","69533b38c41257f8d02c57e8","699dbe8a0fcd929abffcc240","699dc0d61f7713d21c234d73"
"65","18150","dogC.jpg","{""dogC.jpg"",""dogD.jpg"",""dogB.jpg"",""dogA.jpg""}","5ff591cba89e1b000bfb9852","699dbe8a0fcd929abffcc240","699dc0da036619eb5cff1af7"
"66","19787","dogD.jpg","{""dogA.jpg"",""dogB.jpg"",""dogD.jpg"",""dogC.jpg""}","6643a8837540ee80f2d5be45","699dbe8a0fcd929abffcc240","699dc0dc22a456aaa9c40623"
"67","6427","dogD.jpg","{""dogA.jpg"",""dogD.jpg"",""dogB.jpg"",""dogC.jpg""}","5b8e9747a862a6000120a050","699dbe8a0fcd929abffcc240","699dc102fba1881b1f13ecb7"
"68","8928","dogD.jpg","{""dogC.jpg"",""dogD.jpg"",""dogA.jpg"",""dogB.jpg""}","6405feae7d6321bfaaf793e8","699dbe8a0fcd929abffcc240","699dc146af230061c59621f0"
"69","13571","dogD.jpg","{""dogA.jpg"",""dogC.jpg"",""dogD.jpg"",""dogB.jpg""}","661c192305de463b9f025ed0","699dbe8a0fcd929abffcc240","699dc1377a8a782a59c8120f"
"70","31416","dogD.jpg","{""dogD.jpg"",""dogB.jpg"",""dogC.jpg"",""dogA.jpg""}","6636330bdf8206ac3b939cff","699dbe8a0fcd929abffcc240","699dc0ef8615c5a9e0f7cfda"
"71","10758","dogD.jpg","{""dogB.jpg"",""dogC.jpg"",""dogA.jpg"",""dogD.jpg""}","6720c26f12695d0297414d2d","699dbe8a0fcd929abffcc240","699dbfdbeaf996054c2face1"
"72","18741","dogC.jpg","{""dogC.jpg"",""dogA.jpg"",""dogD.jpg"",""dogB.jpg""}","67676c64636d1669c5790324","699dbe8a0fcd929abffcc240","699dc1ba3d6201ed145f08c1"
"73","10577","dogD.jpg","{""dogA.jpg"",""dogC.jpg"",""dogD.jpg"",""dogB.jpg""}","698131d58ccd103588cb5ca6","699dbe8a0fcd929abffcc240","699dc1c9d4d3b6c954a33bd2"
"74","10036","dogD.jpg","{""dogD.jpg"",""dogC.jpg"",""dogB.jpg"",""dogA.jpg""}","5d88f2c014ae0000010d92a7","699dbe8a0fcd929abffcc240","699dc1dc34b74e182c9b0e77"
"75","20790","dogD.jpg","{""dogA.jpg"",""dogC.jpg"",""dogD.jpg"",""dogB.jpg""}","698eec916caee248b2b996e5","699dbe8a0fcd929abffcc240","699dc06025c2357b1367d14b"
"76","14705","dogD.jpg","{""dogC.jpg"",""dogD.jpg"",""dogB.jpg"",""dogA.jpg""}","695fb517e502a74c91806e72","699dbe8a0fcd929abffcc240","699dc221b19d5d5464000889"
"77","6642","dogD.jpg","{""dogA.jpg"",""dogC.jpg"",""dogD.jpg"",""dogB.jpg""}","5a782866eea3d300016de9ef","699dbe8a0fcd929abffcc240","699dc23c07f19d0077df5f55"
"78","9458","dogD.jpg","{""dogA.jpg"",""dogC.jpg"",""dogB.jpg"",""dogD.jpg""}","5e0696dea7fba607951ae479","699dbe8a0fcd929abffcc240","699dc247128724ccddbcbd7f"
"79","251340","dogD.jpg","{""dogB.jpg"",""dogD.jpg"",""dogA.jpg"",""dogC.jpg""}","5c7075f618126000010d4c97","699dbe8a0fcd929abffcc240","699dc13c460b221d30c55c18"
"80","15669","dogD.jpg","{""dogC.jpg"",""dogB.jpg"",""dogD.jpg"",""dogA.jpg""}","628690801339eca9c44143cd","699dbe8a0fcd929abffcc240","699dc25e7330f1019cce81f9"
"81","18674","dogB.jpg","{""dogA.jpg"",""dogB.jpg"",""dogC.jpg"",""dogD.jpg""}","698367545f81174a62e1c4de","699dbe8a0fcd929abffcc240","699dc29f87c4c74acb450b7b"
"82","10844","dogD.jpg","{""dogA.jpg"",""dogC.jpg"",""dogB.jpg"",""dogD.jpg""}","60b67355d1639cf7ac638d07","699dbe8a0fcd929abffcc240","699dc2b85687a42dee696f71"
"83","9735","dogD.jpg","{""dogC.jpg"",""dogB.jpg"",""dogA.jpg"",""dogD.jpg""}","678e61280d675432a225149c","699dbe8a0fcd929abffcc240","699dc30a5b610123865942b0"
"84","6682","dogD.jpg","{""dogC.jpg"",""dogB.jpg"",""dogD.jpg"",""dogA.jpg""}","693b2398905c5229e2fb930a","699dbe8a0fcd929abffcc240","699dc3a8f44abd15f7a57dae"
"85","20589","dogD.jpg","{""dogD.jpg"",""dogC.jpg"",""dogB.jpg"",""dogA.jpg""}","695fb3678de780f2824eecf5","699dbe8a0fcd929abffcc240","699dc3b08e716f100f42df6f"
"86","45657","dogB.jpg","{""dogB.jpg"",""dogC.jpg"",""dogA.jpg"",""dogD.jpg""}","5e8e7167572c651246e08a7b","699dbe8a0fcd929abffcc240","699dc46623dfe8ba3c076451"
"87","9811","dogD.jpg","{""dogB.jpg"",""dogA.jpg"",""dogC.jpg"",""dogD.jpg""}","6713c3cbb7017fabce8708c3","699dbe8a0fcd929abffcc240","699dc495a80e18e5bf563c83"
"88","10621","dogD.jpg","{""dogC.jpg"",""dogA.jpg"",""dogD.jpg"",""dogB.jpg""}","66199822c723a66ae0d5fc24","699dbe8a0fcd929abffcc240","699dc51af2b8c1b56dd5a9a4"
"89","13645","dogD.jpg","{""dogC.jpg"",""dogB.jpg"",""dogA.jpg"",""dogD.jpg""}","6675e329aeca56dd306cb6ca","699dbe8a0fcd929abffcc240","699dc51e34611aa9c3025a1e"
"90","15467","dogD.jpg","{""dogB.jpg"",""dogA.jpg"",""dogC.jpg"",""dogD.jpg""}","60dfd857e293a99dd577f4c8","699dbe8a0fcd929abffcc240","699dc58c5363bc130fc60a9c"
"91","15188","dogD.jpg","{""dogB.jpg"",""dogA.jpg"",""dogD.jpg"",""dogC.jpg""}","69921bde43e69fd5d60ea256","699dbe8a0fcd929abffcc240","699dc606e9bf2ae4ed301911"
"92","10019","dogD.jpg","{""dogA.jpg"",""dogC.jpg"",""dogD.jpg"",""dogB.jpg""}","5e076480c4e1550e2114f006","699dbe8a0fcd929abffcc240","699dc614cb954c730a58e9d3"
"93","9776","dogD.jpg","{""dogB.jpg"",""dogD.jpg"",""dogC.jpg"",""dogA.jpg""}","5deacc35443d0b1fe86a4f32","699dbe8a0fcd929abffcc240","699dc6ed6d992426060f13a8"
"94","38727","dogD.jpg","{""dogB.jpg"",""dogA.jpg"",""dogD.jpg"",""dogC.jpg""}","66463a3b43cd8f961e3cc8c3","699dbe8a0fcd929abffcc240","699dc6e3f155b700264322ab"
"95","11820","dogD.jpg","{""dogB.jpg"",""dogA.jpg"",""dogD.jpg"",""dogC.jpg""}","65ca7b52b557f4aa965301ef","699dbe8a0fcd929abffcc240","699dc7070264b918abb594e6"
"96","16015","dogD.jpg","{""dogB.jpg"",""dogD.jpg"",""dogC.jpg"",""dogA.jpg""}","65d665e4b69a7f1d3def028c","699dbe8a0fcd929abffcc240","699dc7557af877e9427de960"
"97","13753","dogD.jpg","{""dogD.jpg"",""dogA.jpg"",""dogB.jpg"",""dogC.jpg""}","691b86c3d915b1e27714d6cb","699dbe8a0fcd929abffcc240","699dc88df400ff0859919145"
"98","13760","dogC.jpg","{""dogA.jpg"",""dogD.jpg"",""dogC.jpg"",""dogB.jpg""}","674b32fd39976ab4ec92d7d6","699dbe8a0fcd929abffcc240","699dc93664f0bb26b641e39e"
"99","9464","dogD.jpg","{""dogB.jpg"",""dogA.jpg"",""dogC.jpg"",""dogD.jpg""}","61254fba095b9df425e816ea","699dbe8a0fcd929abffcc240","699dc9c5e8e7205f63ef93b9"
"100","17315","dogD.jpg","{""dogC.jpg"",""dogA.jpg"",""dogB.jpg"",""dogD.jpg""}","65b6bb9487ad05cb475fbba5","699dbe8a0fcd929abffcc240","699dca09fc42af048709327b"
"101","14791","dogD.jpg","{""dogB.jpg"",""dogC.jpg"",""dogD.jpg"",""dogA.jpg""}","588021688e1ad5000142dfdf","699dbe8a0fcd929abffcc240","699dcc9b76d1d669db4afc68"
"102","27779","dogD.jpg","{""dogC.jpg"",""dogB.jpg"",""dogD.jpg"",""dogA.jpg""}","62c4d5821033848c1dc3667b","699dbe8a0fcd929abffcc240","699dcd11c0c3ef99c269414d"
"103","14337","dogD.jpg","{""dogD.jpg"",""dogB.jpg"",""dogC.jpg"",""dogA.jpg""}","698bf0d3ff6091b7f5c7387c","699dbe8a0fcd929abffcc240","699dcdbf10b388262ab6fd06"
"104","9697","dogD.jpg","{""dogB.jpg"",""dogA.jpg"",""dogC.jpg"",""dogD.jpg""}","66f87e6e2dc45bbe77324f9a","699dbe8a0fcd929abffcc240","699dcee44937af16940db983"
"105","13812","dogD.jpg","{""dogD.jpg"",""dogB.jpg"",""dogC.jpg"",""dogA.jpg""}","695fc5a2b8659c3fef4f8579","699dbe8a0fcd929abffcc240","699dd0626c28c7eae5e0bbc2"
"106","18580","dogD.jpg","{""dogA.jpg"",""dogD.jpg"",""dogC.jpg"",""dogB.jpg""}","66661b1242b581f199e49f4c","699dbe8a0fcd929abffcc240","699dd733d11fa96c8e655d43"